Mouse Pad, Home and Office, 5.00, 55
Lawn Pillow, Garden and Outdoor, 15.99, 20
Salt and Pepper Shakers, Home and Office, 4.89, 100
Light Bulbs, Home and Office, 9.29, 112
Better Light Bulbs, Home and Office, 26.29, 12
Happy Garden Gnome, Garden and Outdoor, 16.46, 50
Angry Garden Gnome, Garden and Outdoor, 7.99, 50
Quality Gaming Headset, Electronics, 24.99, 15
Wireless Speaker, Electronics, 99.99, 7
Thermostat, Electronics, 12.69, 15
Phone Charger, Electronics, 19.99, 12
Green Screen, Electronics, 59.95, 20
Dog Bowl, Pet Supplies, 2.99, 100
Cat Leash, Pet Supplies, 3.99, 100
Plain White T-Shirt, Clothing and Jewelery, 40.00, 2
Extravagant White T-Shirt, Clothing and Jewelery, 9.99, 64